<?xml version="1.0" encoding="UTF-8"?> 
<project>                                  
  <executable name="avrewbridge.elf">                 
    <memory name="program">              
      <units>bytes</units>                 
      <length>2048</length>                 
      <used>1840</used>                     
      <free>208</free>                     
    </memory>                              
    <memory name="data">                 
      <units>bytes</units>                 
      <length>128</length>                 
      <used>23</used>                     
      <free>105</free>                     
    </memory>                              
  </executable>                            
</project>                                 
